<?xml version="1.0" encoding="utf-8"?>
<!DOCTYPE hibernate-mapping PUBLIC "-//Hibernate/Hibernate Mapping DTD 3.0//EN"
"http://www.hibernate.org/dtd/hibernate-mapping-3.0.dtd">
<!-- 
    Mapping file autogenerated by MyEclipse Persistence Tools
-->
<hibernate-mapping>
    <class name="com.al.model.Info" table="info" catalog="csms">
        <id name="name" type="java.lang.String">
            <column name="Name" length="20" />
            <generator class="assigned" />
        </id>
        <property name="tel" type="java.lang.String">
            <column name="Tel" length="20" not-null="true" />
        </property>
        <property name="address" type="java.lang.String">
            <column name="Address" length="20" not-null="true" />
        </property>
        <property name="mail" type="java.lang.String">
            <column name="Mail" length="20" not-null="true" />
        </property>
        <property name="qq" type="java.lang.String">
            <column name="QQ" length="20" not-null="true" />
        </property>
    </class>
</hibernate-mapping>
